{
  "stats": {
    "health": [
      120.0,
      144.0,
      168.0,
      228.0,
      252.0,
      276.0,
      300.0,
      360.0,
      384.0,
      408.0,
      432.0,
      456.0,
      480.0,
      504.0,
      528.0,
      564.0,
      600.0,
      636.0,
      672.0,
      708.0
    ],
    "attack": [
      15.0,
      18.0,
      21.0,
      29.0,
      32.0,
      35.0,
      38.0,
      45.0,
      48.0,
      51.0,
      54.0,
      57.0,
      60.0,
      63.0,
      66.0,
      71.0,
      75.0,
      80.0,
      84.0,
      89.0
    ],
    "spellPower": [
      65.0,
      78.0,
      91.0,
      124.0,
      137.0,
      150.0,
      163.0,
      195.0,
      208.0,
      221.0,
      234.0,
      247.0,
      260.0,
      273.0,
      286.0,
      306.0,
      325.0,
      345.0,
      364.0,
      384.0
    ],
    "attackSpeed": [
      1.0,
      1.1,
      1.19999993,
      1.3,
      1.4,
      1.5,
      1.5999999
    ],
    "physicalResist": [
      0.0
    ],
    "magicalResist": [
      0.0
    ],
    "physicalCritChance": [
      0.0
    ],
    "magicalCritChance": [
      0.0
    ],
    "physicalCritDamage": [
      0.25
    ],
    "magicalCritDamage": [
      0.25
    ],
    "moveSpeed": [
      150.0
    ],
    "physHpDrain": [
      0.0
    ],
    "magicHpDrain": [
      0.0
    ],
    "evasion": [
      0.0
    ],
    "rangeId": ""
  },
  "spellInfo": {
    "mainSpellId": "",
    "secondSpellId": null,
    "thirdSpellId": null
  },
  "viewInfo": {
    "name": "Flower",
    "iconId": "hero_icon_flower"
  }
}