{
  "stats": {
    "health": [
      150.0,
      180.0,
      210.0,
      285.0,
      315.0,
      345.0,
      375.0,
      450.0,
      480.0,
      510.0,
      540.0,
      570.0,
      600.0,
      630.0,
      660.0,
      705.0,
      750.0,
      795.0,
      840.0,
      885.0
    ],
    "spellPower": [
      70.0,
      84.0,
      98.0,
      133.0,
      147.0,
      161.0,
      175.0,
      210.0,
      224.0,
      238.0,
      252.0,
      266.0,
      280.0,
      294.0,
      308.0,
      329.0,
      350.0,
      371.0,
      392.0,
      413.0
    ],
    "attack": [
      45.0,
      54.0,
      63.0,
      86.0,
      95.0,
      104.0,
      113.0,
      135.0,
      144.0,
      153.0,
      162.0,
      171.0,
      180.0,
      189.0,
      198.0,
      212.0,
      225.0,
      239.0,
      252.0,
      266.0
    ],
    "mana": [
      70.0,
      80.0,
      90.0,
      100.0,
      110.0,
      120.0,
      130.0
    ],
    "attackSpeed": [
      67.0,
      74.0,
      80.0,
      87.0,
      94.0,
      101.0,
      107.0
    ],
    "physicalResist": [
      0.01,
      0.02,
      0.03,
      0.04,
      0.049999997,
      0.0599999949,
      0.06999999,
      0.07999999,
      0.08999999,
      0.09999999,
      0.109999985,
      0.119999982,
      0.12999998,
      0.139999986,
      0.149999991,
      0.16,
      0.17,
      0.18,
      0.190000013,
      0.200000018
    ],
    "magicalResist": [
      0.01,
      0.02,
      0.03,
      0.04,
      0.049999997,
      0.0599999949,
      0.06999999,
      0.07999999,
      0.08999999,
      0.09999999,
      0.109999985,
      0.119999982,
      0.12999998,
      0.139999986,
      0.149999991,
      0.16,
      0.17,
      0.18,
      0.190000013,
      0.200000018
    ],
    "moveSpeed": [
      150.0
    ],
    "rangeId": "orc_1"
  },
  "spellInfo": {
    "mainSpellId": ""
  },
  "viewInfo": {
    "name": "Shade",
    "iconId": "hero_icon_shade"
  }
}