{
  "stats": {
    "health": [
      350.0,
      350.0,
      350.0,
      350.0,
      350.0,
      350.0,
      350.0,
      350.0,
      350.0,
      350.0,
      350.0,
      350.0,
      350.0,
      350.0,
      350.0,
      350.0,
      350.0,
      350.0,
      350.0,
      350.0
    ],
    "attack": [
      32.0,
      32.0,
      32.0,
      32.0,
      32.0,
      32.0,
      32.0,
      32.0,
      32.0,
      32.0,
      32.0,
      32.0,
      32.0,
      32.0,
      32.0,
      32.0,
      32.0,
      32.0,
      32.0,
      32.0
    ],
    "spellPower": [
      0.0,
      0.0,
      0.0,
      0.0,
      0.0,
      0.0,
      0.0,
      0.0,
      0.0,
      0.0,
      0.0,
      0.0,
      0.0,
      0.0,
      0.0,
      0.0,
      0.0,
      0.0,
      0.0,
      0.0
    ],
    "attackSpeed": [
      1.0,
      1.1,
      1.2,
      1.3,
      1.4,
      1.5,
      1.6
    ],
    "physicalResist": [
      300.0
    ],
    "magicalResist": [
      300.0
    ],
    "physicalCritChance": [
      0.099999994
    ],
    "magicalCritChance": [
      0.099999994
    ],
    "physicalCritDamage": [
      0.099999994
    ],
    "magicalCritDamage": [
      0.099999994
    ],
    "moveSpeed": [
      150.0
    ],
    "physHpDrain": [
      0.0
    ],
    "magicHpDrain": [
      0.0
    ],
    "evasion": [
      0.0
    ],
    "rangeId": null
  },
  "spellInfo": {
    "mainSpellId": "",
    "secondSpellId": "",
    "thirdSpellId": ""
  },
  "viewInfo": {
    "name": "Spook",
    "iconId": "hero_icon_spook"
  }
}