{
  "stats": {
    "health": [
      1100.0,
      1100.0,
      1100.0,
      1100.0,
      1100.0,
      1100.0,
      1100.0,
      1100.0,
      1100.0,
      1100.0,
      1100.0,
      1100.0,
      1100.0,
      1100.0,
      1100.0,
      1100.0,
      1100.0,
      1100.0,
      1100.0,
      1100.0
    ],
    "attack": [
      44.0,
      44.0,
      44.0,
      44.0,
      44.0,
      44.0,
      44.0,
      80.0,
      440,
      44.0,
      44.0,
      44.0,
      44.0,
      44.0,
      44.0,
      44.0,
      44.0,
      44.0,
      44.0,
      44.0
    ],
    "spellPower": [
      0.0,
      0.0,
      0.0,
      0.0,
      0.0,
      0.0,
      0.0,
      0.0,
      0.0,
      0.0,
      0.0,
      0.0,
      0.0,
      0.0,
      0.0,
      0.0,
      0.0,
      0.0,
      0.0,
      0.0
    ],
    "attackSpeed": [
      0.5,
      0.55,
      0.65,
      0.8,
      0.9,
      1.1,
      1.2
    ],
    "physicalResist": [
      300.0
    ],
    "magicalResist": [
      300.0
    ],
    "physicalCritChance": [
      0.099999994
    ],
    "magicalCritChance": [
      0.099999994
    ],
    "physicalCritDamage": [
      0.099999994
    ],
    "magicalCritDamage": [
      0.099999994
    ],
    "moveSpeed": [
      150.0
    ],
    "physHpDrain": [
      0.0
    ],
    "magicHpDrain": [
      0.0
    ],
    "evasion": [
      0.0
    ],
    "rangeId": null
  },
  "spellInfo": {
    "mainSpellId": "animate_undead",
    "secondSpellId": "",
    "thirdSpellId": ""
  },
  "viewInfo": {
    "name": "Wraith King",
    "iconId": "hero_icon_wraith"
  }
}